{
  "metadata": {
    "captured_at": "2025-10-31T02:18:04.010468",
    "wave": 0,
    "purpose": "Pre-enhancement performance baseline for regression detection",
    "neo4j_version": "5.26-community"
  },
  "benchmarks": {
    "node_lookups": {
      "cve_by_id": {
        "mean_ms": 1.1786460876464844,
        "median_ms": 1.2052059173583984,
        "min_ms": 0.9768009185791016,
        "max_ms": 1.4171600341796875,
        "std_dev_ms": 0.18819689508660012,
        "iterations": 5,
        "raw_times": [
          1.4171600341796875,
          1.2907981872558594,
          1.2052059173583984,
          1.003265380859375,
          0.9768009185791016
        ]
      },
      "cve_by_year": {
        "mean_ms": 5.1418304443359375,
        "median_ms": 4.553794860839844,
        "min_ms": 4.192113876342773,
        "max_ms": 7.076740264892578,
        "std_dev_ms": 1.1629868964694947,
        "iterations": 5,
        "raw_times": [
          7.076740264892578,
          5.355358123779297,
          4.553794860839844,
          4.192113876342773,
          4.531145095825195
        ]
      },
      "cve_by_severity_range": {
        "mean_ms": 10.051870346069336,
        "median_ms": 9.93967056274414,
        "min_ms": 9.864330291748047,
        "max_ms": 10.53762435913086,
        "std_dev_ms": 0.28211424795283496,
        "iterations": 5,
        "raw_times": [
          9.865760803222656,
          9.93967056274414,
          10.53762435913086,
          10.051965713500977,
          9.864330291748047
        ]
      },
      "all_cve_count": {
        "mean_ms": 0.5661487579345703,
        "median_ms": 0.5412101745605469,
        "min_ms": 0.5052089691162109,
        "max_ms": 0.7181167602539062,
        "std_dev_ms": 0.08675973144427826,
        "iterations": 5,
        "raw_times": [
          0.7181167602539062,
          0.5488395690917969,
          0.5412101745605469,
          0.5173683166503906,
          0.5052089691162109
        ]
      }
    },
    "relationship_traversals": {
      "one_hop_from_cve": {
        "mean_ms": 0.8138179779052734,
        "median_ms": 0.8101463317871094,
        "min_ms": 0.6515979766845703,
        "max_ms": 1.1403560638427734,
        "std_dev_ms": 0.19859327394775497,
        "iterations": 5,
        "raw_times": [
          1.1403560638427734,
          0.8106231689453125,
          0.8101463317871094,
          0.6563663482666016,
          0.6515979766845703
        ]
      },
      "two_hop_from_cve": {
        "mean_ms": 0.8531570434570312,
        "median_ms": 0.8451938629150391,
        "min_ms": 0.6277561187744141,
        "max_ms": 1.1441707611083984,
        "std_dev_ms": 0.2064171825778882,
        "iterations": 5,
        "raw_times": [
          1.1441707611083984,
          0.8451938629150391,
          0.6954669952392578,
          0.9531974792480469,
          0.6277561187744141
        ]
      },
      "variable_path_traversal": {
        "mean_ms": 1.0096073150634766,
        "median_ms": 0.9703636169433594,
        "min_ms": 0.7460117340087891,
        "max_ms": 1.3928413391113281,
        "std_dev_ms": 0.24316588946376905,
        "iterations": 5,
        "raw_times": [
          1.3928413391113281,
          1.0571479797363281,
          0.7460117340087891,
          0.9703636169433594,
          0.8816719055175781
        ]
      }
    },
    "aggregations": {
      "cve_count_by_year": {
        "mean_ms": 69.41094398498535,
        "median_ms": 67.9020881652832,
        "min_ms": 66.73765182495117,
        "max_ms": 75.8049488067627,
        "std_dev_ms": 3.650098464113373,
        "iterations": 5,
        "raw_times": [
          67.78526306152344,
          75.8049488067627,
          66.73765182495117,
          68.82476806640625,
          67.9020881652832
        ]
      },
      "avg_cvss_by_year": {
        "mean_ms": 128.92475128173828,
        "median_ms": 128.9074420928955,
        "min_ms": 127.38871574401855,
        "max_ms": 131.62803649902344,
        "std_dev_ms": 1.6709654062399866,
        "iterations": 5,
        "raw_times": [
          131.62803649902344,
          128.997802734375,
          127.7017593383789,
          127.38871574401855,
          128.9074420928955
        ]
      },
      "severity_distribution": {
        "mean_ms": 74.61543083190918,
        "median_ms": 72.05486297607422,
        "min_ms": 71.02227210998535,
        "max_ms": 85.99591255187988,
        "std_dev_ms": 6.377097657376911,
        "iterations": 5,
        "raw_times": [
          85.99591255187988,
          72.05486297607422,
          72.11899757385254,
          71.8851089477539,
          71.02227210998535
        ]
      },
      "relationship_type_counts": {
        "mean_ms": 455.74989318847656,
        "median_ms": 457.77177810668945,
        "min_ms": 443.80855560302734,
        "max_ms": 468.8839912414551,
        "std_dev_ms": 9.62693744516299,
        "iterations": 5,
        "raw_times": [
          457.77177810668945,
          458.9569568634033,
          449.3281841278076,
          443.80855560302734,
          468.8839912414551
        ]
      }
    },
    "pattern_matching": {
      "simple_pattern": {
        "mean_ms": 3.0350685119628906,
        "median_ms": 2.9633045196533203,
        "min_ms": 2.941608428955078,
        "max_ms": 3.2949447631835938,
        "std_dev_ms": 0.14765994241550265,
        "iterations": 5,
        "raw_times": [
          3.2949447631835938,
          2.941608428955078,
          2.9621124267578125,
          2.9633045196533203,
          3.0133724212646484
        ]
      },
      "complex_pattern": {
        "mean_ms": 153.00679206848145,
        "median_ms": 151.5486240386963,
        "min_ms": 137.0532512664795,
        "max_ms": 167.6316261291504,
        "std_dev_ms": 11.852847234234998,
        "iterations": 5,
        "raw_times": [
          137.0532512664795,
          161.01646423339844,
          151.5486240386963,
          147.78399467468262,
          167.6316261291504
        ]
      },
      "optional_pattern": {
        "mean_ms": 114.12353515625,
        "median_ms": 115.57245254516602,
        "min_ms": 109.6198558807373,
        "max_ms": 117.40326881408691,
        "std_dev_ms": 3.1622006096882793,
        "iterations": 5,
        "raw_times": [
          112.16259002685547,
          109.6198558807373,
          115.8595085144043,
          117.40326881408691,
          115.57245254516602
        ]
      }
    },
    "property_searches": {
      "description_contains": {
        "mean_ms": 195.16277313232422,
        "median_ms": 194.11540031433105,
        "min_ms": 186.906099319458,
        "max_ms": 206.32338523864746,
        "std_dev_ms": 7.0965667701496935,
        "iterations": 5,
        "raw_times": [
          192.5179958343506,
          206.32338523864746,
          195.95098495483398,
          194.11540031433105,
          186.906099319458
        ]
      },
      "description_regex": {
        "mean_ms": 736.077070236206,
        "median_ms": 719.9232578277588,
        "min_ms": 715.8410549163818,
        "max_ms": 791.5692329406738,
        "std_dev_ms": 31.71489568248231,
        "iterations": 5,
        "raw_times": [
          715.8410549163818,
          733.2737445831299,
          719.9232578277588,
          791.5692329406738,
          719.7780609130859
        ]
      },
      "multi_property_search": {
        "mean_ms": 34.444236755371094,
        "median_ms": 32.40060806274414,
        "min_ms": 30.242919921875,
        "max_ms": 45.28212547302246,
        "std_dev_ms": 6.134634105181719,
        "iterations": 5,
        "raw_times": [
          32.73940086364746,
          30.242919921875,
          32.40060806274414,
          45.28212547302246,
          31.556129455566406
        ]
      }
    }
  },
  "overall_statistics": {
    "total_benchmarks": 17,
    "overall_mean_ms": 116.71562194824219,
    "overall_median_ms": 34.444236755371094,