{
  "version": "v7",
  "dataset_size": 755,
  "training_examples": 755,
  "improvement_over_v6": "+990 examples (+56.9%)",
  "f1_score": 0.9505376344086022,
  "precision": 0.9057377049180327,
  "recall": 1.0,
  "v6_baseline_f1": 0.8416
}