{
  "version": "v8",
  "dataset": "stratified_v7_mitre",
  "dataset_size": 1121,
  "training_examples": 1121,
  "train_size": 589,
  "dev_size": 124,
  "test_size": 132,
  "entity_types": [
    "CVE",
    "CWE",
    "CAPEC",
    "ATTACK_TECHNIQUE",
    "VULNERABILITY",
    "WEAKNESS",
    "ATTACK_PATTERN",
    "SOFTWARE",
    "HARDWARE",
    "PROTOCOL"
  ],
  "target_f1": 0.955,
  "achieved_f1": 0.9701230228471002,
  "precision": 0.9419795221843004,
  "recall": 1.0,
  "baseline_f1": 0.9505,
  "improvement_vs_baseline": 0.019623022847100158,
  "target_met": true,
  "per_entity_scores": {
    "CWE": {
      "p": 0.9318181818181818,
      "r": 1.0,
      "f": 0.9647058823529412
    },
    "VULNERABILITY": {
      "p": 1.0,
      "r": 1.0,
      "f": 1.0
    },
    "ATTACK_TECHNIQUE": {
      "p": 0.9357142857142857,
      "r": 1.0,
      "f": 0.966789667896679
    },
    "MITIGATION": {
      "p": 1.0,
      "r": 1.0,
      "f": 1.0
    },
    "DATA_SOURCE": {
      "p": 0.8571428571428571,
      "r": 1.0,
      "f": 0.923076923076923
    },
    "SOFTWARE": {
      "p": 1.0,
      "r": 1.0,
      "f": 1.0
    },
    "CAPEC": {
      "p": 0.8,
      "r": 1.0,
      "f": 0.888888888888889
    }
  }
}